age,gender,height,weight,ap_hi,ap_lo,cholesterol,gluc,smoke,alco,active,bmi
43.778082191780825,1,167.0,85.0,100.0,80.0,2,2,0,0,1,30.477966223242138
52.013698630136986,0,165.0,65.0,130.0,80.0,1,1,0,0,1,23.875114784205696
